Unique Non Stop Words,Count
3,3
41,41
511631,511631
_,_
__,__
alive,alive
bad,bad
bit,bit
bite,bite
caught,caught
clearly,clearly
coo,coo
day,day
dearly,dearly
dove,dove
dreary,dreary
dun,dun
e,e
eight,eight
fast,fast
four,four
gaily,gaily
gallop,gallop
gamberally,gamberally
gentlemen,gentlemen
get,get
go,go
good,good
got,got
hear,hear
hearing,hearing
heighty,heighty
higgledy,higgledy
ing,ing
keep,keep
kind,kind
kit,kit
klss,klss
lay,lay
let,let
like,like
little,little
ll,ll
louder,louder
luck,luck
m,m
maintain,maintain
man,man
master,master
nger,nger
niggledy,niggledy
nine,nine
old,old
one,one
pick,pick
piggledy,piggledy
pin,pin
pins,pins
pooh,pooh
right,right
says,says
scarce,scarce
see,see
seven,seven
sh,sh
shall,shall
shearing,shearing
sir,sir
six,six
speak,speak
t____,t____
ten,ten
thank,thank
thick,thick
three,three
two,two
upon,upon
ve,ve
wife,wife
woman,woman
wren,wren
