Unique Non Stop Words,Count
3,3
41goosey,41goosey
511631,511631
_,_
__,__
alive,alive
bad,bad
bit,bit
bite,bite
cannot,cannot
caught,caught
clearly,clearly
coo,coo
day,day
dearly,dearly
dove,dove
dreary,dreary
dumpty,dumpty
dun,dun
e,e
eight,eight
fall,fall
fast,fast
four,four
gaily,gaily
gallop,gallop
gamberally,gamberally
gander,gander
gentlemen,gentlemen
get,get
go,go
good,good
goosey,goosey
got,got
great,great
hear,hear
hearing,hearing
heighty,heighty
higgledy,higgledy
horses,horses
humpty,humpty
ing,ing
keep,keep
kind,kind
king,king
kit,kit
klss,klss
lay,lay
let,let
like,like
little,little
ll,ll
louder,louder
luck,luck
m,m
maintain,maintain
man,man
master,master
men,men
nger,nger
niggledy,niggledy
nine,nine
old,old
one,one
pick,pick
piggledy,piggledy
pin,pin
pins,pins
pooh,pooh
put,put
right,right
sat,sat
says,says
scarce,scarce
see,see
seven,seven
sh,sh
shall,shall
shearing,shearing
sir,sir
six,six
speak,speak
t____,t____
ten,ten
thank,thank
thick,thick
three,three
together,together
two,two
upon,upon
ve,ve
wall,wall
wife,wife
woman,woman
wren,wren
